sku,Product Offering,Generation,ASP Group,start,end
SKU-A-2,A,2,1,1,110
SKU-A-3,A,3,1,22,172
SKU-A-4,A,4,1,75,187
SKU-A-5,A,5,1,158,187
SKU-B-1,B,1,1,1,26
SKU-B-2,B,2,1,1,110
SKU-B-3,B,3,1,21,179
SKU-B-4,B,4,2,74,187
SKU-B-5,B,5,2,160,187
SKU-C-1,C,1,3,1,45
SKU-C-2,C,2,4,1,116
SKU-C-3,C,3,4,20,186
SKU-C-4,C,4,4,75,187
SKU-C-5,C,5,5,159,187
SKU-D-4,D,4,5,79,187
SKU-D-5,D,5,6,158,187
SKU-E-2,E,2,7,1,115
SKU-E-3,E,3,7,22,166
SKU-E-4,E,4,7,84,187
SKU-E-5,E,5,8,171,187
SKU-F-1,F,1,6,1,45
SKU-F-2,F,2,7,1,116
SKU-F-3,F,3,7,20,186
SKU-F-4,F,4,8,79,187
SKU-F-5,F,5,8,174,187
SKU-G-2,G,2,10,1,74
SKU-G-3,G,3,11,21,187
SKU-G-4,G,4,10,79,187
SKU-G-5,G,5,11,179,187
SKU-H-1,H,1,9,1,27
SKU-H-2,H,2,9,1,116
SKU-H-3,H,3,10,20,185
SKU-H-4,H,4,10,79,187
SKU-H-5,H,5,11,174,187
SKU-I-2,I,2,10,1,108
SKU-I-3,I,3,14,22,182
SKU-I-4,I,4,14,79,187
SKU-I-5,I,5,14,179,187
SKU-J-2,J,2,11,1,111
SKU-J-3,J,3,12,31,180
SKU-J-4,J,4,12,83,186
SKU-J-5,J,5,14,166,187
SKU-K-1,K,1,10,1,51
SKU-K-2,K,2,11,1,116
SKU-K-3,K,3,12,20,187
SKU-K-4,K,4,12,75,187
SKU-K-5,K,5,12,158,187
SKU-L-1,L,1,12,1,24
SKU-L-2,L,2,12,1,115
SKU-L-3,L,3,13,22,187
SKU-L-4,L,4,13,75,187
SKU-L-5,L,5,14,166,187
SKU-M-1,M,1,13,1,36
SKU-M-2,M,2,13,1,116
SKU-N-2,N,2,14,1,113
SKU-N-3,N,3,16,22,176
SKU-N-4,N,4,16,79,187
SKU-N-5,N,5,16,174,187
SKU-O-1,O,1,14,1,50
SKU-O-2,O,2,14,1,117
SKU-O-3,O,3,14,20,187
SKU-O-4,O,4,14,74,187
SKU-P-4,P,4,10,127,187
SKU-Q-1,Q,1,14,1,36
SKU-Q-2,Q,2,14,1,114
SKU-Q-3,Q,3,14,19,187
SKU-Q-4,Q,4,14,74,187
SKU-Q-5,Q,5,15,166,187
SKU-R-4,R,4,15,80,187
SKU-R-5,R,5,16,162,187
SKU-S-2,S,2,15,1,115
SKU-S-3,S,3,16,22,183
SKU-S-4,S,4,16,80,187
SKU-S-5,S,5,16,166,187
SKU-T-3,T,3,17,28,177
SKU-T-4,T,4,17,76,187
SKU-T-5,T,5,18,162,187
SKU-U-3,U,3,17,27,187
SKU-U-4,U,4,18,74,187
SKU-U-5,U,5,18,162,187
SKU-V-4,V,4,18,79,187
SKU-V-5,V,5,19,162,187
SKU-W-4,W,4,21,74,187
SKU-W-5,W,5,22,166,187
SKU-X-5,X,5,18,166,187
SKU-Y-5,Y,5,16,163,187
